product_name,tags,starting_price,pricing_details,free_version,free_trial/free_demo,deployment,training,support,Category_Features,Category_Features_List,product_id,starting_price_method,starting_price_num,starting_price_method_fill,starting_price_num_fill
Viedoc,"Free Demo, Pricing",Not provided by vendor,,,"Yes,           , get a free demo","Cloud,SaaS,Web","Documentation,Webinars,LiveOnline","Online,BusinessHours",Electronic Data Capture Features,"{'Audit Trail': 'able', 'CRF Tracking': 'able', 'Data Entry': 'able', 'Data Verification': 'able', 'Distributed Capture': 'able', 'Document Imaging': 'able', 'Document Indexing': 'able', 'Forms Management': 'able', 'Remote Capture': 'able', 'Study Management': 'able'}",0,Not provided by vendor,inf,year,374.72
Castor EDC,"Free Trial, Free Demo, Pricing, Features, Security",$375.00/year,Castor EDC is FREE for small studies!,Yes,,"Cloud,SaaS,Web","Documentation,Webinars,LiveOnline,InPerson","Online,BusinessHours","Electronic Data Capture Features, Clinical Trial Management Features","{'Audit Trail': 'able', 'CRF Tracking': 'able', 'Data Entry': 'able', 'Data Verification': 'able', 'Distributed Capture': 'able', 'Document Imaging': 'disabled', 'Document Indexing': 'disabled', 'Forms Management': 'able', 'Remote Capture': 'able', 'Study Management': 'able'},{'21 CFR Part 11 Compliance': 'able', 'Document Management': 'able', 'Electronic Data Capture': 'able', 'Enrollment Management': 'able', 'HIPAA Compliant': 'able', 'Monitoring': 'able', 'Patient Database': 'able', 'Recruiting Management': 'disabled', 'Scheduling': 'disabled', 'Study Planning': 'disabled'}",1,year,375.0,year,375.0
OnlineCRF,"Free Trial, Free Demo, Pricing, Company, Overview",Not provided by vendor,,,,"Cloud,SaaS,Web","Documentation,Webinars,LiveOnline","Online,BusinessHours",Electronic Data Capture Features,"{'Audit Trail': 'able', 'CRF Tracking': 'able', 'Data Entry': 'able', 'Data Verification': 'able', 'Distributed Capture': 'able', 'Document Imaging': 'disabled', 'Document Indexing': 'disabled', 'Forms Management': 'able', 'Remote Capture': 'able', 'Study Management': 'able'}",2,Not provided by vendor,inf,year,542.24
Clinical Studio,"Free Trial, Free Demo, Pricing",$449.00/month,Per study-unlimited sites & users. Free to Academia. Less for Pre-Clinical.,Yes,,"Cloud,SaaS,Web,Mobile-AndroidNative,Mobile-iOSNative","Documentation,Webinars,LiveOnline,InPerson","Online,BusinessHours,24/7(LiveRep)","Electronic Data Capture Features, Clinical Trial Management Features","{'Audit Trail': 'able', 'CRF Tracking': 'able', 'Data Entry': 'able', 'Data Verification': 'able', 'Distributed Capture': 'able', 'Document Imaging': 'able', 'Document Indexing': 'able', 'Forms Management': 'able', 'Remote Capture': 'able', 'Study Management': 'able'},{'21 CFR Part 11 Compliance': 'able', 'Document Management': 'able', 'Electronic Data Capture': 'able', 'Enrollment Management': 'able', 'HIPAA Compliant': 'able', 'Monitoring': 'able', 'Patient Database': 'disabled', 'Recruiting Management': 'disabled', 'Scheduling': 'able', 'Study Planning': 'able'}",3,month,449.0,month,449.0
Data+ Platform,Free Demo,"$12,000.00/year/user",,,"Yes,           , get a free demo","Cloud,SaaS,Web","Documentation,LiveOnline,InPerson","Online,BusinessHours,24/7(LiveRep)","Electronic Data Capture Features, Clinical Trial Management Features, Laboratory Information Management System Features, Patient Engagement Features","{'Audit Trail': 'able', 'CRF Tracking': 'able', 'Data Entry': 'able', 'Data Verification': 'able', 'Distributed Capture': 'able', 'Document Imaging': 'disabled', 'Document Indexing': 'disabled', 'Forms Management': 'able', 'Remote Capture': 'able', 'Study Management': 'able'},{'21 CFR Part 11 Compliance': 'able', 'Document Management': 'disabled', 'Electronic Data Capture': 'able', 'Enrollment Management': 'able', 'HIPAA Compliant': 'able', 'Monitoring': 'able', 'Patient Database': 'able', 'Recruiting Management': 'able', 'Scheduling': 'able', 'Study Planning': 'able'},{'Audit Trail': 'able', 'Certificates of Analysis': 'disabled', 'Data Import / Export': 'able', 'Electronic Laboratory Notebook': 'able', 'Inventory Management': 'able', 'Lab Instrument Interface': 'able', 'Reporting & Statistics': 'able', 'Sample Tracking': 'able', 'Specification Management': 'able', 'Workflow Management': 'able'},{'Appointment Scheduling': 'disabled', 'Care Planning': 'disabled', 'Collaboration': 'disabled', 'Messaging': 'disabled', 'Mobile Access': 'able', 'Patient Education': 'able', 'Patient Portal': 'able', 'Personal Health Record': 'able', 'Progress Tracking': 'able', 'Self Management': 'disabled'}",4,year/user,12000.0,year/user,12000.0
DocuPhase,,Not provided by vendor,,,Yes,"Cloud,SaaS,Web,Installed-Mac,Installed-Windows,Mobile-AndroidNative,Mobile-iOSNative","Documentation,Webinars,LiveOnline,InPerson","Online,BusinessHours,24/7(LiveRep)","Document Management Features, Accounts Payable Features, Accounts Receivable Features, Billing and Invoicing Features, Claims Processing Features, Contract Management Features, Data Entry Features, Document Control Features, Document Version Control Features, Electronic Data Capture Features, Enterprise Content Management Features, Forms Automation Features, Innovation Features, OCR Features","{'Collaboration Tools': 'able', 'Compliance Tracking': 'able', 'Document Archiving': 'able', 'Document Assembly': 'disabled', 'Document Indexing': 'able', 'Document Retention': 'able', 'Electronic Signature': 'able', 'File Recovery': 'able', 'File Type Conversion': 'disabled', 'Offline Access': 'able', 'Optical Character Recognition': 'able', 'Version Control': 'able'},{},{},{},{},{'Buy Side (Suppliers)': 'disabled', 'Completion Tracking': 'disabled', 'Compliance Tracking': 'disabled', 'Contract Lifecycle Management': 'disabled', 'Electronic Signature': 'able', 'Full Text Search': 'disabled', 'Government Contracts': 'disabled', 'Pre-built Templates': 'able', 'Sell Side (Customers)': 'disabled', 'Specialty Contracts': 'disabled', 'Version Control': 'able', 'Workflow Management': 'disabled'},{},{},{},{},{'Archiving & Retention': 'able', 'Collaboration Tools': 'able', 'Content Lifecycle Management': 'able', 'Digital Asset Management': 'able', 'Document Management': 'able', 'Electronic Signature': 'able', 'Information Governance': 'able', 'Mobile Access': 'able', 'Search': 'able', 'Version Control': 'able', 'Workflow Management': 'able'},{},{},{}",5,Not provided by vendor,inf,year/user,7140.94
Ephesoft Transact,,Not provided by vendor,,,,"Cloud,SaaS,Web,Installed-Windows","LiveOnline,InPerson",BusinessHours,"Data Extraction Features, Electronic Data Capture Features","{'Disparate Data Collection': 'able', 'Document Extraction': 'able', 'Email Address Extraction': 'able', 'Image Extraction': 'disabled', 'IP Address Extraction': 'disabled', 'Phone Number Extraction': 'able', 'Pricing Extraction': 'disabled', 'Web Data Extraction': 'disabled'},{'Audit Trail': 'disabled', 'CRF Tracking': 'disabled', 'Data Entry': 'disabled', 'Data Verification': 'disabled', 'Distributed Capture': 'disabled', 'Document Imaging': 'able', 'Document Indexing': 'able', 'Forms Management': 'able', 'Remote Capture': 'able', 'Study Management': 'disabled'}",6,Not provided by vendor,inf,year,173.35
Square 9 GlobalCapture,,Not provided by vendor,,,,"Cloud,SaaS,Web","Documentation,Webinars,InPerson","Online,BusinessHours",Electronic Data Capture Features,"{'Audit Trail': 'able', 'CRF Tracking': 'disabled', 'Data Entry': 'able', 'Data Verification': 'able', 'Distributed Capture': 'able', 'Document Imaging': 'able', 'Document Indexing': 'able', 'Forms Management': 'able', 'Remote Capture': 'able', 'Study Management': 'disabled'}",7,Not provided by vendor,inf,one-time/user,70.85
ABBYY FlexiCapture,,$169.00,,Yes,,"Cloud,SaaS,Web,Installed-Mac,Installed-Windows,Mobile-AndroidNative,Mobile-iOSNative",,,"Accounts Payable Features, Electronic Data Capture Features","{'Approval Process Control': 'able', 'Bank Reconciliation': 'disabled', 'Cash Management': 'able', 'Check Printing': 'disabled', 'Duplicate Payment Alert': 'disabled', 'Fraud Detection': 'able', 'General Ledger Entry': 'disabled', 'Vendor Management': 'able'},{'Audit Trail': 'able', 'CRF Tracking': 'able', 'Data Entry': 'disabled', 'Data Verification': 'able', 'Distributed Capture': 'able', 'Document Imaging': 'able', 'Document Indexing': 'able', 'Forms Management': 'able', 'Remote Capture': 'able', 'Study Management': 'disabled'}",8,Not provided by vendor,169.0,year/user,169.0
Poimapper,,$9.95/month/user,"Two pricing options, user based and usage based.",Yes,,"Cloud,SaaS,Web,Mobile-AndroidNative","Documentation,Webinars,LiveOnline,InPerson","Online,BusinessHours","Field Service Management Features, Electronic Data Capture Features, Inspection Features","{'Billing & Invoicing': 'disabled', 'Contact Database': 'able', 'Contract Management': 'disabled', 'Dispatching': 'disabled', 'Electronic Signature': 'able', 'Inventory Management': 'able', 'Mobile Access': 'able', 'Payment Collection in the Field': 'disabled', 'Quotes/Estimates': 'able', 'Routing': 'disabled', 'Scheduling': 'able', 'Service History Tracking': 'able', 'Time Clock': 'able', 'Work Order Management': 'able'},{'Audit Trail': 'able', 'CRF Tracking': 'disabled', 'Data Entry': 'able', 'Data Verification': 'able', 'Distributed Capture': 'disabled', 'Document Imaging': 'disabled', 'Document Indexing': 'disabled', 'Forms Management': 'able', 'Remote Capture': 'able', 'Study Management': 'disabled'},{'Appointment Management': 'able', 'Customer Database': 'able', 'Dispatch Management': 'disabled', 'Equipment Tracking': 'disabled', 'Photos In Reports': 'able', 'Print on Site': 'disabled', 'Report Templates': 'able', 'Speech Recognition': 'disabled', 'Subcontractor Management ': 'disabled'}",9,month/user,9.95,month/user,9.95
iCapture,,$79.00/month/user,Small business and B2B plans,Yes,,"Cloud,SaaS,Web,Mobile-AndroidNative,Mobile-iOSNative","Webinars,LiveOnline","Online,BusinessHours","Survey Features, Electronic Data Capture Features, Lead Capture Features","{'Custom Survey URLs': 'disabled', 'Data Analysis Tools': 'able', 'Email Marketing': 'able', 'Mobile Survey': 'able', 'Offline Response Collection': 'able', 'Question Branching': 'able', 'Question Library': 'able', 'Site Intercept Survey': 'disabled', 'Skip Logic': 'able', 'Supports Audio / Images / Video': 'disabled'},{},{'Business Card/Badge Scanning': 'able', 'Dashboard': 'disabled', 'Data Extraction': 'able', 'Data Verification': 'able', 'Form Builder': 'disabled', 'Gamification': 'disabled', 'Lead Distribution': 'disabled', 'Lead Enrichment': 'disabled', 'Lead Notifications': 'disabled', 'Lead Nurturing': 'able', 'Lead Scoring': 'disabled'}",10,month/user,79.0,month/user,79.0
SMART-TRIAL,,$556.00/month,Per study,Yes,,"Cloud,SaaS,Web","Documentation,LiveOnline,InPerson","Online,BusinessHours",Electronic Data Capture Features,"{'Audit Trail': 'able', 'CRF Tracking': 'able', 'Data Entry': 'able', 'Data Verification': 'able', 'Distributed Capture': 'able', 'Document Imaging': 'able', 'Document Indexing': 'able', 'Forms Management': 'able', 'Remote Capture': 'able', 'Study Management': 'able'}",11,month,556.0,month,556.0
Formation,,Not provided by vendor,,,,"Cloud,SaaS,Web,Installed-Windows,Mobile-AndroidNative,Mobile-iOSNative","Documentation,Webinars,InPerson",NotOffered,Electronic Data Capture Features,"{'Audit Trail': 'able', 'CRF Tracking': 'disabled', 'Data Entry': 'able', 'Data Verification': 'disabled', 'Distributed Capture': 'disabled', 'Document Imaging': 'disabled', 'Document Indexing': 'disabled', 'Forms Management': 'able', 'Remote Capture': 'able', 'Study Management': 'disabled'}",12,Not provided by vendor,inf,one-time/user,21.54
Aetiol,,Not provided by vendor,,Yes,,"Cloud,SaaS,Web,Installed-Mac,Installed-Windows","Documentation,Webinars,LiveOnline,InPerson","Online,BusinessHours,24/7(LiveRep)",Electronic Data Capture Features,"{'Audit Trail': 'able', 'CRF Tracking': 'able', 'Data Entry': 'able', 'Data Verification': 'able', 'Distributed Capture': 'able', 'Document Imaging': 'able', 'Document Indexing': 'able', 'Forms Management': 'able', 'Remote Capture': 'able', 'Study Management': 'able'}",13,Not provided by vendor,inf,month,1377.09
VKS,,Not provided by vendor,,,Yes,"Cloud,SaaS,Web,Installed-Mac,Installed-Windows","Webinars,LiveOnline,InPerson","Online,BusinessHours",Electronic Data Capture Features,"{'Audit Trail': 'able', 'CRF Tracking': 'disabled', 'Data Entry': 'able', 'Data Verification': 'able', 'Distributed Capture': 'able', 'Document Imaging': 'able', 'Document Indexing': 'able', 'Forms Management': 'able', 'Remote Capture': 'able', 'Study Management': 'able'}",14,Not provided by vendor,inf,year,477.82
Grooper,,Not provided by vendor,,,Yes,"Cloud,SaaS,Web,Installed-Windows","Documentation,Webinars,LiveOnline,InPerson",24/7(LiveRep),"Artificial Intelligence Features, Data Discovery Features, Data Extraction Features, Electronic Data Capture Features, Machine Learning Features","{'Chatbot': 'disabled', 'For eCommerce': 'disabled', 'For Healthcare': 'able', 'For Sales': 'disabled', 'Multi-Language': 'able', 'Predictive Analytics': 'disabled', 'Process/Workflow Automation': 'able', 'Virtual Personal Assistant (VPA)': 'disabled'},{'Contextual Search': 'able', 'Data Classification': 'able', 'Data Matching': 'able', 'False Positives Reduction': 'able', 'Self Service Data Preparation': 'disabled', 'Sensitive Data Identification': 'able', 'Visual Analytics': 'disabled'},{'Disparate Data Collection': 'able', 'Document Extraction': 'able', 'Email Address Extraction': 'able', 'Image Extraction': 'able', 'IP Address Extraction': 'able', 'Phone Number Extraction': 'able', 'Pricing Extraction': 'able', 'Web Data Extraction': 'disabled'},{'Audit Trail': 'disabled', 'CRF Tracking': 'disabled', 'Data Entry': 'able', 'Data Verification': 'able', 'Distributed Capture': 'able', 'Document Imaging': 'able', 'Document Indexing': 'able', 'Forms Management': 'disabled', 'Remote Capture': 'disabled', 'Study Management': 'disabled'},{'Deep Learning': 'disabled', 'ML Algorithm Library': 'disabled', 'Model Training': 'able', 'NLP': 'able', 'Predictive Modeling': 'disabled', 'Statistical / Mathematical Tools': 'able', 'Templates': 'able', 'Visualization': 'able'}",15,Not provided by vendor,inf,one-time,17867.03
Flex Databases,,"$1,300.00/month",,,,"Cloud,SaaS,Web","Documentation,LiveOnline,InPerson",BusinessHours,"Clinical Trial Management Features, Electronic Data Capture Features","{'21 CFR Part 11 Compliance': 'able', 'Document Management': 'able', 'Electronic Data Capture': 'able', 'Enrollment Management': 'able', 'HIPAA Compliant': 'able', 'Monitoring': 'able', 'Patient Database': 'able', 'Recruiting Management': 'able', 'Scheduling': 'able', 'Study Planning': 'able'},{'Audit Trail': 'able', 'CRF Tracking': 'able', 'Data Entry': 'able', 'Data Verification': 'able', 'Distributed Capture': 'able', 'Document Imaging': 'disabled', 'Document Indexing': 'disabled', 'Forms Management': 'able', 'Remote Capture': 'disabled', 'Study Management': 'able'}",16,month,1300.0,month,1300.0
naturalFORMS,,Not provided by vendor,,Yes,,"Cloud,SaaS,Web",Documentation,"Online,BusinessHours","Forms Automation Features, Electronic Data Capture Features","{'Approval Process Control': 'disabled', 'Archiving & Retention': 'able', 'Collaboration': 'disabled', 'Document Indexing': 'disabled', 'Drag & Drop': 'disabled', 'Full Text Search': 'disabled', 'Remote Document Access': 'disabled', 'Rules-Based Workflow': 'able', 'Text Editing': 'able', 'Version Control': 'disabled'},{'Audit Trail': 'able', 'CRF Tracking': 'able', 'Data Entry': 'able', 'Data Verification': 'able', 'Distributed Capture': 'able', 'Document Imaging': 'able', 'Document Indexing': 'disabled', 'Forms Management': 'able', 'Remote Capture': 'able', 'Study Management': 'disabled'}",17,Not provided by vendor,inf,one-time/user,69.49
DataFax,,Not provided by vendor,,,,"Cloud,SaaS,Web,Installed-Mac,Installed-Windows,Mobile-AndroidNative,Mobile-iOSNative","Documentation,Webinars,LiveOnline,InPerson","Online,BusinessHours","Clinical Trial Management Features, Electronic Data Capture Features","{'21 CFR Part 11 Compliance': 'able', 'Document Management': 'able', 'Electronic Data Capture': 'able', 'Enrollment Management': 'able', 'HIPAA Compliant': 'able', 'Monitoring': 'able', 'Patient Database': 'able', 'Recruiting Management': 'disabled', 'Scheduling': 'able', 'Study Planning': 'able'},{'Audit Trail': 'able', 'CRF Tracking': 'able', 'Data Entry': 'able', 'Data Verification': 'able', 'Distributed Capture': 'able', 'Document Imaging': 'able', 'Document Indexing': 'able', 'Forms Management': 'able', 'Remote Capture': 'able', 'Study Management': 'able'}",18,Not provided by vendor,inf,one-time/user,340.48
iMedNet EDC,,Not provided by vendor,,,Yes,"Cloud,SaaS,Web","LiveOnline,InPerson","Online,BusinessHours,24/7(LiveRep)","Clinical Trial Management Features, Electronic Data Capture Features","{},{'Audit Trail': 'able', 'CRF Tracking': 'able', 'Data Entry': 'able', 'Data Verification': 'able', 'Distributed Capture': 'able', 'Document Imaging': 'able', 'Document Indexing': 'able', 'Forms Management': 'able', 'Remote Capture': 'able', 'Study Management': 'able'}",19,Not provided by vendor,inf,year,202.36
Ultimate Forms,,$0.75/month/user,,Yes,,"Cloud,SaaS,Web,Installed-Mac,Installed-Windows","Documentation,LiveOnline",,"Workflow Management Features, Business Process Management Features, Electronic Data Capture Features","{'Access Controls/Permissions': 'disabled', 'Business Process Automation': 'disabled', 'Calendar Management': 'disabled', 'Compliance Tracking': 'able', 'Customizable Dashboard': 'disabled', 'Document Management': 'disabled', 'Forms Management': 'disabled', 'Graphical Workflow Editor': 'disabled', 'Mobile Access': 'disabled', 'Task Management': 'able', 'Third Party Integrations': 'able', 'Workflow Configuration': 'disabled'},{'Access Controls/Permissions': 'able', 'Alerts/Notifications': 'able', 'Business Process Automation': 'able', 'Business Rules Management': 'able', 'Collaboration': 'able', 'Process Change Tracking': 'disabled', 'Process Mapping': 'disabled', 'Process Modeling & Designing': 'able', 'Visual Workflow Management': 'disabled'},{'Audit Trail': 'able', 'CRF Tracking': 'disabled', 'Data Entry': 'disabled', 'Data Verification': 'disabled', 'Distributed Capture': 'disabled', 'Document Imaging': 'disabled', 'Document Indexing': 'disabled', 'Forms Management': 'able', 'Remote Capture': 'disabled', 'Study Management': 'disabled'}",20,month/user,0.75,month/user,0.75
Debut,,$34.99/one-time/user,Lifetime License - Home Edition,Yes,,"Installed-Mac,Installed-Windows","Documentation,Webinars","Online,BusinessHours",Electronic Data Capture Features,"{'Audit Trail': 'disabled', 'CRF Tracking': 'disabled', 'Data Entry': 'disabled', 'Data Verification': 'disabled', 'Distributed Capture': 'able', 'Document Imaging': 'able', 'Document Indexing': 'disabled', 'Forms Management': 'disabled', 'Remote Capture': 'able', 'Study Management': 'disabled'}",21,one-time/user,34.99,one-time/user,34.99
Kofax Kapow,,,,,,,,,"Integration Features, Electronic Data Capture Features","{'Dashboard': 'disabled', 'ETL - Extract / Transfer / Load': 'disabled', 'Metadata Management': 'disabled', 'Multiple Data Sources': 'able', 'Web Services': 'able'},{}",22,Not provided by vendor,inf,month/user,71.67
MainEDC,,$399.00/month,https://datamanagement365.com/en/pricing/,Yes,,"Cloud,SaaS,Web","Documentation,Webinars,LiveOnline,InPerson","Online,24/7(LiveRep)",Electronic Data Capture Features,"{'Audit Trail': 'able', 'CRF Tracking': 'able', 'Data Entry': 'able', 'Data Verification': 'able', 'Distributed Capture': 'able', 'Document Imaging': 'able', 'Document Indexing': 'disabled', 'Forms Management': 'able', 'Remote Capture': 'able', 'Study Management': 'able'}",23,month,399.0,month,399.0
MPS IntelliVector,,"$1,000.00/one-time",,,,"Cloud,SaaS,Web,Installed-Mac,Installed-Windows","Documentation,LiveOnline,InPerson","Online,BusinessHours","Document Management Features, Accounts Payable Features, Data Entry Features, Data Extraction Features, Electronic Data Capture Features","{'Collaboration Tools': 'disabled', 'Compliance Tracking': 'disabled', 'Document Archiving': 'able', 'Document Assembly': 'disabled', 'Document Indexing': 'disabled', 'Document Retention': 'able', 'Electronic Signature': 'disabled', 'File Recovery': 'disabled', 'File Type Conversion': 'disabled', 'Offline Access': 'able', 'Optical Character Recognition': 'able', 'Version Control': 'disabled'},{'Approval Process Control': 'able', 'Bank Reconciliation': 'disabled', 'Cash Management': 'disabled', 'Check Printing': 'disabled', 'Duplicate Payment Alert': 'able', 'Fraud Detection': 'able', 'General Ledger Entry': 'disabled', 'Vendor Management': 'able'},{'Abbreviation Detection': 'disabled', 'Data Capture and Transfer': 'able', 'Data Duplication': 'able', 'Data Entry Verification': 'able', 'Data Retrieval': 'able', 'Image Capture': 'disabled', 'Mis-Keyed Variation Detection': 'disabled', 'Phonetic Variation Detection': 'disabled'},{'Disparate Data Collection': 'able', 'Document Extraction': 'able', 'Email Address Extraction': 'able', 'Image Extraction': 'able', 'IP Address Extraction': 'disabled', 'Phone Number Extraction': 'able', 'Pricing Extraction': 'able', 'Web Data Extraction': 'able'},{'Audit Trail': 'disabled', 'CRF Tracking': 'disabled', 'Data Entry': 'able', 'Data Verification': 'able', 'Distributed Capture': 'able', 'Document Imaging': 'able', 'Document Indexing': 'able', 'Forms Management': 'able', 'Remote Capture': 'able', 'Study Management': 'disabled'}",24,one-time,1000.0,one-time,1000.0
DataLabs,,,,,,,,,Electronic Data Capture Features,{},25,Not provided by vendor,inf,year,307.53
BizEfficiency,,$40.00/month/user,,Yes,,"Cloud,SaaS,Web,Mobile-AndroidNative,Mobile-iOSNative","LiveOnline,InPerson","Online,BusinessHours",Electronic Data Capture Features,"{'Audit Trail': 'able', 'CRF Tracking': 'disabled', 'Data Entry': 'able', 'Data Verification': 'disabled', 'Distributed Capture': 'able', 'Document Imaging': 'disabled', 'Document Indexing': 'disabled', 'Forms Management': 'able', 'Remote Capture': 'able', 'Study Management': 'disabled'}",26,month/user,40.0,month/user,40.0
Clinion EDC & CDM,,Not provided by vendor,,,,"Cloud,SaaS,Web","LiveOnline,InPerson","Online,BusinessHours",Electronic Data Capture Features,"{'Audit Trail': 'able', 'CRF Tracking': 'able', 'Data Entry': 'able', 'Data Verification': 'able', 'Distributed Capture': 'able', 'Document Imaging': 'able', 'Document Indexing': 'able', 'Forms Management': 'able', 'Remote Capture': 'able', 'Study Management': 'able'}",27,Not provided by vendor,inf,year/user,12422.41
Clipboard To Contact - Turn Text Into Contacts,,$5.99/one-time/user,,Yes,,"Cloud,SaaS,Web,Installed-Windows,Mobile-AndroidNative,Mobile-iOSNative","Documentation,Webinars,LiveOnline",Online,Electronic Data Capture Features,"{'Audit Trail': 'disabled', 'CRF Tracking': 'disabled', 'Data Entry': 'able', 'Data Verification': 'able', 'Distributed Capture': 'disabled', 'Document Imaging': 'able', 'Document Indexing': 'disabled', 'Forms Management': 'disabled', 'Remote Capture': 'able', 'Study Management': 'disabled'}",28,one-time/user,5.99,one-time/user,5.99
CTMS,,,,,,,,,"Clinical Trial Management Features, Electronic Data Capture Features","{'21 CFR Part 11 Compliance': 'disabled', 'Document Management': 'disabled', 'Electronic Data Capture': 'disabled', 'Enrollment Management': 'able', 'HIPAA Compliant': 'disabled', 'Monitoring': 'able', 'Patient Database': 'disabled', 'Recruiting Management': 'disabled', 'Scheduling': 'disabled', 'Study Planning': 'disabled'},{}",29,Not provided by vendor,inf,one-time,10597.5
Datacap Taskmaster Capture,,Not provided by vendor,Contact IBM for pricing details.,,,Installed-Windows,"Documentation,Webinars",Online,Electronic Data Capture Features,"{'Audit Trail': 'disabled', 'CRF Tracking': 'disabled', 'Data Entry': 'able', 'Data Verification': 'able', 'Distributed Capture': 'able', 'Document Imaging': 'able', 'Document Indexing': 'able', 'Forms Management': 'disabled', 'Remote Capture': 'disabled', 'Study Management': 'disabled'}",30,Not provided by vendor,inf,month/user,53.12
Dharma,,,,,,,,,"Electronic Data Capture Features, Data Management Features","{},{}",31,Not provided by vendor,inf,one-time,23123.73
eCaseLink,,Not provided by vendor,,,,"Cloud,SaaS,Web","Documentation,LiveOnline,InPerson",24/7(LiveRep),"Clinical Trial Management Features, Electronic Data Capture Features","{'21 CFR Part 11 Compliance': 'able', 'Document Management': 'able', 'Electronic Data Capture': 'able', 'Enrollment Management': 'able', 'HIPAA Compliant': 'disabled', 'Monitoring': 'able', 'Patient Database': 'disabled', 'Recruiting Management': 'disabled', 'Scheduling': 'able', 'Study Planning': 'disabled'},{'Audit Trail': 'able', 'CRF Tracking': 'able', 'Data Entry': 'able', 'Data Verification': 'able', 'Distributed Capture': 'able', 'Document Imaging': 'able', 'Document Indexing': 'able', 'Forms Management': 'able', 'Remote Capture': 'able', 'Study Management': 'able'}",32,Not provided by vendor,inf,year,471.2
ExamineYou,,$30.00/month,Monthly and yearly paid plans and a free Basic plan for ever.,Yes,,"Cloud,SaaS,Web",Documentation,"Online,BusinessHours",Electronic Data Capture Features,{},33,month,30.0,month,30.0
AcuFill,,Not provided by vendor,,,Yes,"Cloud,SaaS,Web,Installed-Windows,Mobile-AndroidNative,Mobile-iOSNative","Documentation,Webinars,LiveOnline,InPerson",BusinessHours,Electronic Data Capture Features,"{'Audit Trail': 'disabled', 'CRF Tracking': 'disabled', 'Data Entry': 'able', 'Data Verification': 'able', 'Distributed Capture': 'disabled', 'Document Imaging': 'able', 'Document Indexing': 'disabled', 'Forms Management': 'disabled', 'Remote Capture': 'able', 'Study Management': 'disabled'}",34,Not provided by vendor,inf,year,161.6
LabChart Pro,,,,,,,,,Electronic Data Capture Features,"{'Audit Trail': 'disabled', 'CRF Tracking': 'disabled', 'Data Entry': 'able', 'Data Verification': 'disabled', 'Distributed Capture': 'disabled', 'Document Imaging': 'disabled', 'Document Indexing': 'disabled', 'Forms Management': 'disabled', 'Remote Capture': 'disabled', 'Study Management': 'disabled'}",35,Not provided by vendor,inf,month,499.09
OnCore,,,,,,,,,"Clinical Trial Management Features, Electronic Data Capture Features, Medical Lab Features","{'21 CFR Part 11 Compliance': 'disabled', 'Document Management': 'able', 'Electronic Data Capture': 'able', 'Enrollment Management': 'able', 'HIPAA Compliant': 'able', 'Monitoring': 'able', 'Patient Database': 'able', 'Recruiting Management': 'able', 'Scheduling': 'able', 'Study Planning': 'able'},{'Audit Trail': 'able', 'CRF Tracking': 'able', 'Data Entry': 'able', 'Data Verification': 'able', 'Distributed Capture': 'disabled', 'Document Imaging': 'able', 'Document Indexing': 'able', 'Forms Management': 'able', 'Remote Capture': 'disabled', 'Study Management': 'able'},{'Data Analysis Auditing': 'disabled', 'Data Security': 'able', 'EMR Interface': 'able', 'Fax Management': 'disabled', 'Lab Instrument Interface': 'disabled', 'Multi-Location Printing': 'able', 'Online Instrumentation': 'disabled', 'Physician Test Panels': 'disabled', 'Procedure-Based Billing': 'disabled', 'Sample Tracking': 'able'}",36,Not provided by vendor,inf,one-time/user,404.16
QureClinical,,"$1,000.00/one-time/user",,,,"Cloud,SaaS,Web","Documentation,LiveOnline,InPerson","Online,BusinessHours",Electronic Data Capture Features,"{'Audit Trail': 'able', 'CRF Tracking': 'able', 'Data Entry': 'able', 'Data Verification': 'able', 'Distributed Capture': 'able', 'Document Imaging': 'able', 'Document Indexing': 'disabled', 'Forms Management': 'disabled', 'Remote Capture': 'able', 'Study Management': 'able'}",37,one-time/user,1000.0,one-time/user,1000.0
CareRecord,,Not provided by vendor,,,Yes,"Cloud,SaaS,Web","Documentation,Webinars,LiveOnline,InPerson","Online,BusinessHours,24/7(LiveRep)","Electronic Medical Records Features, Electronic Data Capture Features, Hospital Management Features, Medical Billing Features, Medical Practice Management Features, Patient Management Features","{'Appointment Scheduling': 'able', 'Charting': 'able', 'Compliance Tracking': 'able', 'E-Prescribing': 'able', 'Handwriting Recognition': 'disabled', 'Meaningful Use Certified': 'able', 'ONC-ATCB Certified': 'able', 'Self Service Portal': 'able', 'Voice Recognition': 'able'},{'Audit Trail': 'able', 'CRF Tracking': 'able', 'Data Entry': 'able', 'Data Verification': 'able', 'Distributed Capture': 'disabled', 'Document Imaging': 'able', 'Document Indexing': 'able', 'Forms Management': 'able', 'Remote Capture': 'able', 'Study Management': 'disabled'},{'Accounting Integration': 'disabled', 'Appointment Scheduling': 'able', 'Bed Management': 'disabled', 'Claims Management': 'able', 'In-Patient Management': 'disabled', 'Inventory Management': 'disabled', 'Medical Billing': 'able', 'Out-Patient Management': 'disabled', 'Patient Records Management': 'able', 'Physician Management': 'able', 'Policy Management': 'disabled'},{'Claims Management': 'able', 'Code & Charge Entry': 'able', 'Compliance Tracking': 'able', 'Customizable Dashboard': 'disabled', 'Dunning Management': 'disabled', 'Invoice History': 'able', 'Patient Eligibility Checks': 'able', 'Payment Processing': 'able', 'Practice Management': 'able', 'Quotes/Estimates': 'disabled', 'Remittance Advice': 'able'},{'Claims Management': 'able', 'E-Prescribing ': 'able', 'EMR / EHR': 'able', 'HIPAA Compliant': 'able', 'Insurance Eligibility Verification': 'able', 'Inventory Management': 'disabled', 'Multi-Office': 'able', 'Multi-Physician': 'able', 'Patient Billing': 'able', 'Patient Portal': 'able', 'Patient Records': 'able', 'Patient Registration': 'able', 'Patient Scheduling': 'able', 'Physician Scheduling': 'able'},{'Admissions Management': 'able', 'Bed Management': 'able', 'Discharge Management': 'able', 'Historical Reporting': 'able', 'Patient Flow Management': 'able', 'Patient Location Tracking': 'able', 'Patient Monitoring': 'able', 'Real Time Reporting': 'able', 'Waiting Time Tracking': 'disabled'}",38,Not provided by vendor,inf,year/user,11810.27
Timaeus,,,,,,,,,Electronic Data Capture Features,"{'Audit Trail': 'disabled', 'CRF Tracking': 'disabled', 'Data Entry': 'disabled', 'Data Verification': 'able', 'Distributed Capture': 'disabled', 'Document Imaging': 'disabled', 'Document Indexing': 'disabled', 'Forms Management': 'disabled', 'Remote Capture': 'able', 'Study Management': 'disabled'}",39,Not provided by vendor,inf,one-time/user,372.23
AcqKnowledge,,,,,,,,,Electronic Data Capture Features,"{'Audit Trail': 'disabled', 'CRF Tracking': 'disabled', 'Data Entry': 'able', 'Data Verification': 'disabled', 'Distributed Capture': 'disabled', 'Document Imaging': 'disabled', 'Document Indexing': 'disabled', 'Forms Management': 'disabled', 'Remote Capture': 'disabled', 'Study Management': 'disabled'}",40,Not provided by vendor,inf,month/user,75.02
ActiView software,,,,,,,,,Electronic Data Capture Features,{},41,Not provided by vendor,inf,year/user,8693.01
agCapture,,,,,,,,,Electronic Data Capture Features,"{'Audit Trail': 'able', 'CRF Tracking': 'able', 'Data Entry': 'able', 'Data Verification': 'able', 'Distributed Capture': 'able', 'Document Imaging': 'able', 'Document Indexing': 'disabled', 'Forms Management': 'able', 'Remote Capture': 'able', 'Study Management': 'able'}",42,Not provided by vendor,inf,year/user,752.9
ALPHADAS,,,,,,,,,Electronic Data Capture Features,"{'Audit Trail': 'able', 'CRF Tracking': 'able', 'Data Entry': 'able', 'Data Verification': 'able', 'Distributed Capture': 'disabled', 'Document Imaging': 'disabled', 'Document Indexing': 'disabled', 'Forms Management': 'disabled', 'Remote Capture': 'able', 'Study Management': 'able'}",43,Not provided by vendor,inf,month,69.45
Appliance,,,,,,,,,Electronic Data Capture Features,"{'Audit Trail': 'disabled', 'CRF Tracking': 'disabled', 'Data Entry': 'disabled', 'Data Verification': 'disabled', 'Distributed Capture': 'disabled', 'Document Imaging': 'disabled', 'Document Indexing': 'disabled', 'Forms Management': 'disabled', 'Remote Capture': 'able', 'Study Management': 'disabled'}",44,Not provided by vendor,inf,month,342.64
AQ2 Remittance,,,,,,,,,"Payment Processing Features, Accounts Receivable Features, Electronic Data Capture Features","{'ACH Check Transactions': 'able', 'Bitcoin Compatible': 'disabled', 'Debit Card Support': 'disabled', 'Gift Card Management': 'disabled', 'Mobile Payments': 'disabled', 'Online Payments': 'disabled', 'POS Transactions': 'disabled', 'Receipt Printing': 'disabled', 'Recurring Billing': 'disabled', 'Signature Capture': 'disabled'},{'ACH Payment Processing': 'able', 'Check Processing': 'able', 'Collections Management': 'disabled', 'Invoice Processing': 'disabled', 'Online Payment Processing': 'able', 'Overpayment Processing': 'disabled', 'Partial Payments': 'disabled', 'Receipt Management': 'disabled', 'Recurring Billing': 'disabled'},{'Audit Trail': 'able', 'CRF Tracking': 'disabled', 'Data Entry': 'able', 'Data Verification': 'able', 'Distributed Capture': 'disabled', 'Document Imaging': 'able', 'Document Indexing': 'able', 'Forms Management': 'disabled', 'Remote Capture': 'able', 'Study Management': 'disabled'}",45,Not provided by vendor,inf,month,757.44
Ascerteon,,,,,,,,,Electronic Data Capture Features,"{'Audit Trail': 'disabled', 'CRF Tracking': 'disabled', 'Data Entry': 'disabled', 'Data Verification': 'able', 'Distributed Capture': 'disabled', 'Document Imaging': 'disabled', 'Document Indexing': 'disabled', 'Forms Management': 'disabled', 'Remote Capture': 'disabled', 'Study Management': 'disabled'}",46,Not provided by vendor,inf,month/user,47.34
BioClinica Express,,,,,,,,,Electronic Data Capture Features,"{'Audit Trail': 'disabled', 'CRF Tracking': 'disabled', 'Data Entry': 'disabled', 'Data Verification': 'disabled', 'Distributed Capture': 'disabled', 'Document Imaging': 'disabled', 'Document Indexing': 'disabled', 'Forms Management': 'able', 'Remote Capture': 'disabled', 'Study Management': 'able'}",47,Not provided by vendor,inf,one-time,10165.23
BSCAN Capture,,,,,,,,,Electronic Data Capture Features,"{'Audit Trail': 'disabled', 'CRF Tracking': 'disabled', 'Data Entry': 'disabled', 'Data Verification': 'disabled', 'Distributed Capture': 'disabled', 'Document Imaging': 'able', 'Document Indexing': 'disabled', 'Forms Management': 'disabled', 'Remote Capture': 'disabled', 'Study Management': 'disabled'}",48,Not provided by vendor,inf,year,506.71
Captricity,,Not provided by vendor,,Yes,,"Cloud,SaaS,Web","Documentation,Webinars,LiveOnline,InPerson","Online,BusinessHours","Forms Automation Features, Electronic Data Capture Features","{'Approval Process Control': 'able', 'Archiving & Retention': 'able', 'Collaboration': 'able', 'Document Indexing': 'able', 'Drag & Drop': 'able', 'Full Text Search': 'able', 'Remote Document Access': 'able', 'Rules-Based Workflow': 'able', 'Text Editing': 'able', 'Version Control': 'able'},{'Audit Trail': 'able', 'CRF Tracking': 'disabled', 'Data Entry': 'able', 'Data Verification': 'able', 'Distributed Capture': 'able', 'Document Imaging': 'able', 'Document Indexing': 'able', 'Forms Management': 'able', 'Remote Capture': 'able', 'Study Management': 'able'}",49,Not provided by vendor,inf,one-time/user,177.0
Clear Clinica,,"$1,500.00/month",,,Yes,"Cloud,SaaS,Web",LiveOnline,Online,Electronic Data Capture Features,"{'Audit Trail': 'able', 'CRF Tracking': 'able', 'Data Entry': 'able', 'Data Verification': 'able', 'Distributed Capture': 'able', 'Document Imaging': 'able', 'Document Indexing': 'able', 'Forms Management': 'able', 'Remote Capture': 'able', 'Study Management': 'able'}",50,month,1500.0,month,1500.0
clincase,,,,,,,,,Electronic Data Capture Features,"{'Audit Trail': 'able', 'CRF Tracking': 'able', 'Data Entry': 'able', 'Data Verification': 'able', 'Distributed Capture': 'able', 'Document Imaging': 'disabled', 'Document Indexing': 'disabled', 'Forms Management': 'able', 'Remote Capture': 'able', 'Study Management': 'disabled'}",51,Not provided by vendor,inf,month/user,27.4
ClinicalAnalytics,,Not provided by vendor,Contact vendor for pricing details.,,,"Cloud,SaaS,Web",,,"Clinical Trial Management Features, Electronic Data Capture Features","{'21 CFR Part 11 Compliance': 'disabled', 'Document Management': 'able', 'Electronic Data Capture': 'able', 'Enrollment Management': 'disabled', 'HIPAA Compliant': 'disabled', 'Monitoring': 'disabled', 'Patient Database': 'disabled', 'Recruiting Management': 'disabled', 'Scheduling': 'disabled', 'Study Planning': 'disabled'},{'Audit Trail': 'disabled', 'CRF Tracking': 'disabled', 'Data Entry': 'able', 'Data Verification': 'able', 'Distributed Capture': 'disabled', 'Document Imaging': 'able', 'Document Indexing': 'able', 'Forms Management': 'able', 'Remote Capture': 'disabled', 'Study Management': 'disabled'}",52,Not provided by vendor,inf,year/user,8251.96
DADOS,,,,,,,,,Electronic Data Capture Features,"{'Audit Trail': 'able', 'CRF Tracking': 'able', 'Data Entry': 'able', 'Data Verification': 'able', 'Distributed Capture': 'able', 'Document Imaging': 'able', 'Document Indexing': 'able', 'Forms Management': 'able', 'Remote Capture': 'able', 'Study Management': 'able'}",53,Not provided by vendor,inf,one-time/user,26.82
Data Scan,,Not provided by vendor,Contact EXATECH Group for pricing details.,,,"Cloud,SaaS,Web",,,Electronic Data Capture Features,"{'Audit Trail': 'disabled', 'CRF Tracking': 'disabled', 'Data Entry': 'disabled', 'Data Verification': 'disabled', 'Distributed Capture': 'able', 'Document Imaging': 'able', 'Document Indexing': 'able', 'Forms Management': 'able', 'Remote Capture': 'able', 'Study Management': 'disabled'}",54,Not provided by vendor,inf,one-time,18653.12
Data-Scan,,,,,,,,,"Data Entry Features, Electronic Data Capture Features","{},{}",55,Not provided by vendor,inf,month/user,20.75
DDi-mEDC,,,,,,,,,Electronic Data Capture Features,"{'Audit Trail': 'able', 'CRF Tracking': 'able', 'Data Entry': 'able', 'Data Verification': 'able', 'Distributed Capture': 'disabled', 'Document Imaging': 'disabled', 'Document Indexing': 'able', 'Forms Management': 'disabled', 'Remote Capture': 'able', 'Study Management': 'able'}",56,Not provided by vendor,inf,month,899.32
DealMatrix,,,,,,,,,Electronic Data Capture Features,{},57,Not provided by vendor,inf,one-time,12249.95
Digitalis Clinical Data Collection,,"$3,600.00/one-time","Access to design tools: 2000eur/year
and/or
Delegate design: on estimate.",,Yes,"Cloud,SaaS,Web",InPerson,BusinessHours,Electronic Data Capture Features,"{'Audit Trail': 'able', 'CRF Tracking': 'able', 'Data Entry': 'able', 'Data Verification': 'able', 'Distributed Capture': 'able', 'Document Imaging': 'disabled', 'Document Indexing': 'disabled', 'Forms Management': 'able', 'Remote Capture': 'able', 'Study Management': 'disabled'}",58,one-time,3600.0,one-time,3600.0
Docsumo,,$25.00/month,Pricing is based on number of documents processed.,,,"Cloud,SaaS,Web","Documentation,LiveOnline","Online,BusinessHours,24/7(LiveRep)","Data Extraction Features, Data Entry Features, Electronic Data Capture Features","{'Disparate Data Collection': 'able', 'Document Extraction': 'able', 'Email Address Extraction': 'able', 'Image Extraction': 'able', 'IP Address Extraction': 'disabled', 'Phone Number Extraction': 'able', 'Pricing Extraction': 'disabled', 'Web Data Extraction': 'disabled'},{'Abbreviation Detection': 'disabled', 'Data Capture and Transfer': 'able', 'Data Duplication': 'disabled', 'Data Entry Verification': 'able', 'Data Retrieval': 'disabled', 'Image Capture': 'able', 'Mis-Keyed Variation Detection': 'able', 'Phonetic Variation Detection': 'disabled'},{'Audit Trail': 'disabled', 'CRF Tracking': 'disabled', 'Data Entry': 'able', 'Data Verification': 'able', 'Distributed Capture': 'able', 'Document Imaging': 'disabled', 'Document Indexing': 'able', 'Forms Management': 'disabled', 'Remote Capture': 'able', 'Study Management': 'disabled'}",59,month,25.0,month,25.0
EDC Made Easy,,Not provided by vendor,,,Yes,"Cloud,SaaS,Web,Installed-Mac,Installed-Windows","Documentation,Webinars,LiveOnline,InPerson","Online,BusinessHours,24/7(LiveRep)",Electronic Data Capture Features,"{'Audit Trail': 'able', 'CRF Tracking': 'able', 'Data Entry': 'able', 'Data Verification': 'able', 'Distributed Capture': 'disabled', 'Document Imaging': 'disabled', 'Document Indexing': 'disabled', 'Forms Management': 'able', 'Remote Capture': 'disabled', 'Study Management': 'able'}",60,Not provided by vendor,inf,year,36.04
Entrypoint i4,,Not provided by vendor,,,,"Cloud,SaaS,Web",Documentation,"Online,BusinessHours,24/7(LiveRep)","Clinical Trial Management Features, Data Entry Features, Electronic Data Capture Features","{'21 CFR Part 11 Compliance': 'able', 'Document Management': 'able', 'Electronic Data Capture': 'able', 'Enrollment Management': 'disabled', 'HIPAA Compliant': 'disabled', 'Monitoring': 'disabled', 'Patient Database': 'disabled', 'Recruiting Management': 'disabled', 'Scheduling': 'disabled', 'Study Planning': 'disabled'},{'Abbreviation Detection': 'able', 'Data Capture and Transfer': 'able', 'Data Duplication': 'able', 'Data Entry Verification': 'able', 'Data Retrieval': 'able', 'Image Capture': 'able', 'Mis-Keyed Variation Detection': 'able', 'Phonetic Variation Detection': 'disabled'},{'Audit Trail': 'able', 'CRF Tracking': 'able', 'Data Entry': 'able', 'Data Verification': 'able', 'Distributed Capture': 'able', 'Document Imaging': 'able', 'Document Indexing': 'disabled', 'Forms Management': 'able', 'Remote Capture': 'able', 'Study Management': 'able'}",61,Not provided by vendor,inf,one-time/user,518.46
eplansoft REVIEW,,Not provided by vendor,Please contact e-PlanSoft for pricing details.,,,Installed-Windows,,,"Construction Management Features, Architecture Features, Collaboration Features, Electronic Data Capture Features, Inspection Features","{'Accounting Integration': 'disabled', 'Budget Tracking/Job Costing': 'disabled', 'Change Orders': 'disabled', 'Commercial': 'able', 'Contract Management': 'disabled', 'Contractors': 'disabled', 'CRM': 'disabled', 'Equipment Tracking': 'disabled', 'Estimating': 'disabled', 'Incident Reporting': 'disabled', 'Mobile Access': 'able', 'Offline Access': 'disabled', 'Residential': 'able', 'RFI & Submittals': 'disabled', 'Subcontractor Management': 'disabled'},{},{'Brainstorming': 'disabled', 'Calendar Management': 'disabled', 'Contact Management': 'disabled', 'Content Management': 'disabled', 'Discussion Boards': 'disabled', 'Document Management': 'able', 'Project Management': 'able', 'Real Time Editing': 'disabled', 'Task Management': 'disabled', 'Version Control': 'able', 'Video Conferencing': 'disabled'},{},{}",62,Not provided by vendor,inf,year/user,14667.24
eResearch,,,,,,,,,"Clinical Trial Management Features, Electronic Data Capture Features","{'21 CFR Part 11 Compliance': 'able', 'Document Management': 'disabled', 'Electronic Data Capture': 'able', 'Enrollment Management': 'disabled', 'HIPAA Compliant': 'able', 'Monitoring': 'disabled', 'Patient Database': 'able', 'Recruiting Management': 'disabled', 'Scheduling': 'disabled', 'Study Planning': 'disabled'},{'Audit Trail': 'disabled', 'CRF Tracking': 'disabled', 'Data Entry': 'able', 'Data Verification': 'able', 'Distributed Capture': 'disabled', 'Document Imaging': 'disabled', 'Document Indexing': 'disabled', 'Forms Management': 'disabled', 'Remote Capture': 'disabled', 'Study Management': 'disabled'}",63,Not provided by vendor,inf,month/user,74.19
FileStore EDM,,Not provided by vendor,,Yes,,"Cloud,SaaS,Web,Installed-Windows,Mobile-AndroidNative","Documentation,Webinars,LiveOnline,InPerson",BusinessHours,"Document Management Features, Electronic Data Capture Features","{'Collaboration Tools': 'able', 'Compliance Tracking': 'able', 'Document Archiving': 'able', 'Document Assembly': 'able', 'Document Indexing': 'able', 'Document Retention': 'able', 'Electronic Signature': 'able', 'File Recovery': 'able', 'File Type Conversion': 'able', 'Offline Access': 'able', 'Optical Character Recognition': 'able', 'Version Control': 'able'},{}",64,Not provided by vendor,inf,one-time,1240.84
FormFoundry,,,,,,,,,"Workflow Management Features, Application Development Features, Electronic Data Capture Features, Forms Automation Features","{'Access Controls/Permissions': 'disabled', 'Business Process Automation': 'disabled', 'Calendar Management': 'disabled', 'Compliance Tracking': 'disabled', 'Customizable Dashboard': 'disabled', 'Document Management': 'disabled', 'Forms Management': 'able', 'Graphical Workflow Editor': 'disabled', 'Mobile Access': 'disabled', 'Task Management': 'disabled', 'Third Party Integrations': 'disabled', 'Workflow Configuration': 'disabled'},{},{},{'Approval Process Control': 'disabled', 'Archiving & Retention': 'disabled', 'Collaboration': 'disabled', 'Document Indexing': 'disabled', 'Drag & Drop': 'able', 'Full Text Search': 'disabled', 'Remote Document Access': 'able', 'Rules-Based Workflow': 'able', 'Text Editing': 'disabled', 'Version Control': 'disabled'}",65,Not provided by vendor,inf,year/user,6855.32
Fusion eClinical Suite,,Not provided by vendor,,,,"Cloud,SaaS,Web","Documentation,Webinars,LiveOnline,InPerson","Online,BusinessHours,24/7(LiveRep)","Clinical Trial Management Features, Electronic Data Capture Features","{'21 CFR Part 11 Compliance': 'able', 'Document Management': 'able', 'Electronic Data Capture': 'able', 'Enrollment Management': 'disabled', 'HIPAA Compliant': 'able', 'Monitoring': 'able', 'Patient Database': 'able', 'Recruiting Management': 'disabled', 'Scheduling': 'able', 'Study Planning': 'able'},{'Audit Trail': 'able', 'CRF Tracking': 'able', 'Data Entry': 'able', 'Data Verification': 'able', 'Distributed Capture': 'able', 'Document Imaging': 'able', 'Document Indexing': 'able', 'Forms Management': 'able', 'Remote Capture': 'able', 'Study Management': 'able'}",66,Not provided by vendor,inf,one-time/user,337.05
Gather,,$99.00/month,Scalable & customisable pricing,,,"Mobile-AndroidNative,Mobile-iOSNative","Documentation,Webinars,LiveOnline,InPerson","Online,BusinessHours","Event Management Features, Electronic Data Capture Features, Lead Capture Features, Lead Management Features","{},{'Audit Trail': 'able', 'CRF Tracking': 'disabled', 'Data Entry': 'able', 'Data Verification': 'able', 'Distributed Capture': 'disabled', 'Document Imaging': 'disabled', 'Document Indexing': 'disabled', 'Forms Management': 'able', 'Remote Capture': 'able', 'Study Management': 'disabled'},{'Business Card/Badge Scanning': 'able', 'Dashboard': 'able', 'Data Extraction': 'able', 'Data Verification': 'able', 'Form Builder': 'able', 'Gamification': 'disabled', 'Lead Distribution': 'disabled', 'Lead Enrichment': 'able', 'Lead Notifications': 'able', 'Lead Nurturing': 'able', 'Lead Scoring': 'disabled'},{}",67,month,99.0,month,99.0
GoResearch,,Not provided by vendor,,,,"Cloud,SaaS,Web","Documentation,LiveOnline,InPerson","BusinessHours,24/7(LiveRep)",Electronic Data Capture Features,"{'Audit Trail': 'able', 'CRF Tracking': 'able', 'Data Entry': 'able', 'Data Verification': 'able', 'Distributed Capture': 'able', 'Document Imaging': 'able', 'Document Indexing': 'able', 'Forms Management': 'disabled', 'Remote Capture': 'disabled', 'Study Management': 'able'}",68,Not provided by vendor,inf,year/user,12842.17
i-CDMS,,"$10,000.00/one-time",,,,"Cloud,SaaS,Web","Documentation,Webinars,LiveOnline,InPerson","Online,BusinessHours","Clinical Trial Management Features, Electronic Data Capture Features","{'21 CFR Part 11 Compliance': 'able', 'Document Management': 'able', 'Electronic Data Capture': 'able', 'Enrollment Management': 'able', 'HIPAA Compliant': 'able', 'Monitoring': 'able', 'Patient Database': 'able', 'Recruiting Management': 'able', 'Scheduling': 'able', 'Study Planning': 'able'},{}",69,one-time,10000.0,one-time,10000.0
idtPlans Review,,Not provided by vendor,,,,"Cloud,SaaS,Web","Documentation,Webinars,LiveOnline,InPerson","BusinessHours,24/7(LiveRep)","Inspection Features, Electronic Data Capture Features, Government Features, Public Works Features","{'Appointment Management': 'able', 'Customer Database': 'able', 'Dispatch Management': 'able', 'Equipment Tracking': 'disabled', 'Photos In Reports': 'able', 'Print on Site': 'disabled', 'Report Templates': 'able', 'Speech Recognition': 'able', 'Subcontractor Management ': 'disabled'},{},{},{}",70,Not provided by vendor,inf,year,290.25
Improve,,Not provided by vendor,,Yes,,"Cloud,SaaS,Web","Documentation,Webinars,LiveOnline,InPerson","Online,24/7(LiveRep)","Electronic Data Capture Features, Patient Portal Features","{},{'Appointment Confirmations': 'disabled', 'Appointment Scheduling': 'disabled', 'Bill Payment': 'disabled', 'Care Plans': 'able', 'Care Summaries': 'able', 'EHR-Agnostic': 'able', 'Health Record Access': 'disabled', 'Intake Forms': 'able', 'Lab Results': 'disabled', 'Prescription Renewals': 'disabled', 'Secure Messaging': 'disabled', 'Video Consultations': 'disabled'}",71,Not provided by vendor,inf,year,281.25
INKWRX,,,,,,,,,Electronic Data Capture Features,"{'Audit Trail': 'disabled', 'CRF Tracking': 'disabled', 'Data Entry': 'disabled', 'Data Verification': 'disabled', 'Distributed Capture': 'able', 'Document Imaging': 'disabled', 'Document Indexing': 'disabled', 'Forms Management': 'disabled', 'Remote Capture': 'disabled', 'Study Management': 'disabled'}",72,Not provided by vendor,inf,year/user,12327.47
Intelligent Data Capture,,,,,,,,,Electronic Data Capture Features,{},73,Not provided by vendor,inf,month,1082.78
iQapture,,$49.00/month/user,,,,"Cloud,SaaS,Web,Mobile-AndroidNative,Mobile-iOSNative","Documentation,Webinars,LiveOnline","Online,BusinessHours",Electronic Data Capture Features,"{'Audit Trail': 'able', 'CRF Tracking': 'disabled', 'Data Entry': 'able', 'Data Verification': 'able', 'Distributed Capture': 'able', 'Document Imaging': 'able', 'Document Indexing': 'able', 'Forms Management': 'able', 'Remote Capture': 'able', 'Study Management': 'disabled'}",74,month/user,49.0,month/user,49.0
ixtract,,"$25,000.00/one-time",,,,"Installed-Windows,Linux/Unix,Other",,"BusinessHours,24/7(LiveRep)","Document Management Features, Electronic Data Capture Features","{'Collaboration Tools': 'disabled', 'Compliance Tracking': 'disabled', 'Document Archiving': 'disabled', 'Document Assembly': 'disabled', 'Document Indexing': 'able', 'Document Retention': 'disabled', 'Electronic Signature': 'able', 'File Recovery': 'disabled', 'File Type Conversion': 'able', 'Offline Access': 'disabled', 'Optical Character Recognition': 'able', 'Version Control': 'disabled'},{}",75,one-time,25000.0,one-time,25000.0
KnowledgeLake Capture,,$1.00/one-time/user,,,,Installed-Windows,"Documentation,InPerson","Online,BusinessHours",Electronic Data Capture Features,"{'Audit Trail': 'able', 'CRF Tracking': 'disabled', 'Data Entry': 'able', 'Data Verification': 'able', 'Distributed Capture': 'able', 'Document Imaging': 'able', 'Document Indexing': 'able', 'Forms Management': 'disabled', 'Remote Capture': 'disabled', 'Study Management': 'disabled'}",76,one-time/user,1.0,one-time/user,1.0
Magpi,,$500.00/month,,Yes,,"Cloud,SaaS,Web,Mobile-AndroidNative,Mobile-iOSNative","Documentation,Webinars,LiveOnline,InPerson","Online,24/7(LiveRep)",Electronic Data Capture Features,{},77,month,500.0,month,500.0
MailThis.to,,,,,,,,,Electronic Data Capture Features,"{'Audit Trail': 'disabled', 'CRF Tracking': 'disabled', 'Data Entry': 'disabled', 'Data Verification': 'able', 'Distributed Capture': 'disabled', 'Document Imaging': 'disabled', 'Document Indexing': 'disabled', 'Forms Management': 'able', 'Remote Capture': 'disabled', 'Study Management': 'disabled'}",78,Not provided by vendor,inf,month,694.43
MATRIX EDC/IWRS,,Not provided by vendor,,,,"Cloud,SaaS,Web","Documentation,Webinars,LiveOnline,InPerson","Online,BusinessHours,24/7(LiveRep)","Clinical Trial Management Features, Electronic Data Capture Features","{'21 CFR Part 11 Compliance': 'able', 'Document Management': 'disabled', 'Electronic Data Capture': 'able', 'Enrollment Management': 'disabled', 'HIPAA Compliant': 'disabled', 'Monitoring': 'able', 'Patient Database': 'disabled', 'Recruiting Management': 'disabled', 'Scheduling': 'disabled', 'Study Planning': 'disabled'},{'Audit Trail': 'able', 'CRF Tracking': 'able', 'Data Entry': 'able', 'Data Verification': 'able', 'Distributed Capture': 'able', 'Document Imaging': 'able', 'Document Indexing': 'able', 'Forms Management': 'able', 'Remote Capture': 'able', 'Study Management': 'able'}",79,Not provided by vendor,inf,month/user,21.89
Med-Quest,,Not provided by vendor,,,,"Cloud,SaaS,Web","Documentation,Webinars,LiveOnline,InPerson","BusinessHours,24/7(LiveRep)",Electronic Data Capture Features,"{'Audit Trail': 'able', 'CRF Tracking': 'able', 'Data Entry': 'able', 'Data Verification': 'able', 'Distributed Capture': 'able', 'Document Imaging': 'able', 'Document Indexing': 'able', 'Forms Management': 'able', 'Remote Capture': 'able', 'Study Management': 'disabled'}",80,Not provided by vendor,inf,month/user,41.43
MedSciNet Builder,,$0.01,Please email info@medscinet.com for details.,Yes,,"Cloud,SaaS,Web","Documentation,Webinars,LiveOnline,InPerson","Online,24/7(LiveRep)",Electronic Data Capture Features,"{'Audit Trail': 'able', 'CRF Tracking': 'able', 'Data Entry': 'able', 'Data Verification': 'able', 'Distributed Capture': 'able', 'Document Imaging': 'able', 'Document Indexing': 'able', 'Forms Management': 'able', 'Remote Capture': 'able', 'Study Management': 'able'}",81,Not provided by vendor,0.01,one-time/user,0.01
MetricWire,,Not provided by vendor,Contact Metricwire for pricing details.,,,"Cloud,SaaS,Web",,BusinessHours,Electronic Data Capture Features,"{'Audit Trail': 'disabled', 'CRF Tracking': 'disabled', 'Data Entry': 'disabled', 'Data Verification': 'disabled', 'Distributed Capture': 'disabled', 'Document Imaging': 'disabled', 'Document Indexing': 'disabled', 'Forms Management': 'able', 'Remote Capture': 'disabled', 'Study Management': 'disabled'}",82,Not provided by vendor,inf,year/user,7487.55
MyoResearch XP Master,,Not provided by vendor,Contact Noraxon USA for pricing details.,,,"Cloud,SaaS,Web",,,Electronic Data Capture Features,"{'Audit Trail': 'disabled', 'CRF Tracking': 'disabled', 'Data Entry': 'able', 'Data Verification': 'disabled', 'Distributed Capture': 'disabled', 'Document Imaging': 'disabled', 'Document Indexing': 'disabled', 'Forms Management': 'disabled', 'Remote Capture': 'disabled', 'Study Management': 'disabled'}",83,Not provided by vendor,inf,month/user,50.49
Net Station,,Not provided by vendor,Contact Electrical Geodesics for pricing details.,,,Installed-Mac,,BusinessHours,Electronic Data Capture Features,"{'Audit Trail': 'disabled', 'CRF Tracking': 'disabled', 'Data Entry': 'able', 'Data Verification': 'able', 'Distributed Capture': 'able', 'Document Imaging': 'able', 'Document Indexing': 'able', 'Forms Management': 'disabled', 'Remote Capture': 'disabled', 'Study Management': 'able'}",84,Not provided by vendor,inf,one-time/user,405.46
OCR for AnyDoc,,,,,,,,,Electronic Data Capture Features,"{'Audit Trail': 'disabled', 'CRF Tracking': 'disabled', 'Data Entry': 'able', 'Data Verification': 'able', 'Distributed Capture': 'disabled', 'Document Imaging': 'able', 'Document Indexing': 'able', 'Forms Management': 'disabled', 'Remote Capture': 'disabled', 'Study Management': 'disabled'}",85,Not provided by vendor,inf,month,53.79
PaperLess,,"$3,000.00/one-time",,,,Installed-Windows,,BusinessHours,Electronic Data Capture Features,"{'Audit Trail': 'able', 'CRF Tracking': 'disabled', 'Data Entry': 'able', 'Data Verification': 'able', 'Distributed Capture': 'disabled', 'Document Imaging': 'able', 'Document Indexing': 'able', 'Forms Management': 'able', 'Remote Capture': 'able', 'Study Management': 'disabled'}",86,one-time,3000.0,one-time,3000.0
PaperSurvey,,$20.00/month,,,,"Cloud,SaaS,Web",No,"Online,BusinessHours",Electronic Data Capture Features,{},87,month,20.0,month,20.0
PhysioQ,,$9.99/month/user,,Yes,,"Cloud,SaaS,Web,Mobile-AndroidNative,Mobile-iOSNative","Documentation,Webinars,LiveOnline",Online,"Clinical Trial Management Features, Electronic Data Capture Features","{},{}",88,month/user,9.99,month/user,9.99
Protocol First,,,,,,,,,"Clinical Trial Management Features, Electronic Data Capture Features","{},{}",89,Not provided by vendor,inf,one-time/user,702.81
Returnable Forms,,$199.00/one-time,,Yes,,Installed-Windows,"Documentation,Webinars,LiveOnline","Online,BusinessHours","Forms Automation Features, Electronic Data Capture Features","{'Approval Process Control': 'able', 'Archiving & Retention': 'able', 'Collaboration': 'disabled', 'Document Indexing': 'able', 'Drag & Drop': 'disabled', 'Full Text Search': 'disabled', 'Remote Document Access': 'able', 'Rules-Based Workflow': 'able', 'Text Editing': 'able', 'Version Control': 'able'},{}",90,one-time,199.0,one-time,199.0
Scout,,$79.99/month/user,Up to 400 Prospects. ONLY pay for triple - verified contact information,,,"Cloud,SaaS,Web",LiveOnline,"Online,BusinessHours","Contact Management Features, Electronic Data Capture Features, Lead Management Features","{'Contact Database': 'able', 'Contact Import/Export': 'able', 'Interaction Tracking': 'able', 'Lead Management': 'able', 'Prospecting Tools': 'able', 'Sales Pipeline Management': 'disabled', 'Search/Filter': 'able', 'Segmentation': 'able', 'Shared Contacts': 'disabled'},{'Audit Trail': 'disabled', 'CRF Tracking': 'disabled', 'Data Entry': 'able', 'Data Verification': 'able', 'Distributed Capture': 'disabled', 'Document Imaging': 'disabled', 'Document Indexing': 'disabled', 'Forms Management': 'disabled', 'Remote Capture': 'able', 'Study Management': 'disabled'},{'Activity Tracking': 'able', 'Campaign Management': 'able', 'Lead Capture': 'able', 'Lead Distribution': 'disabled', 'Lead Nurturing': 'able', 'Lead Scoring': 'disabled', 'Lead Segmentation': 'able', 'Pipeline Management': 'able', 'Prospecting Tools': 'able', 'Source Tracking': 'disabled'}",91,month/user,79.99,month/user,79.99
secuTrial,,Not provided by vendor,,,,"Cloud,SaaS,Web","LiveOnline,InPerson",BusinessHours,Electronic Data Capture Features,"{'Audit Trail': 'able', 'CRF Tracking': 'able', 'Data Entry': 'able', 'Data Verification': 'able', 'Distributed Capture': 'disabled', 'Document Imaging': 'disabled', 'Document Indexing': 'disabled', 'Forms Management': 'able', 'Remote Capture': 'able', 'Study Management': 'able'}",92,Not provided by vendor,inf,month,390.32
SymmetricDS,,,,,,,,,"Electronic Data Capture Features, Data Visualization Features","{'Audit Trail': 'disabled', 'CRF Tracking': 'disabled', 'Data Entry': 'able', 'Data Verification': 'able', 'Distributed Capture': 'disabled', 'Document Imaging': 'disabled', 'Document Indexing': 'disabled', 'Forms Management': 'disabled', 'Remote Capture': 'able', 'Study Management': 'disabled'},{'Analytics': 'disabled', 'Content Management': 'disabled', 'Dashboard Creation': 'disabled', 'Filtered Views': 'able', 'OLAP': 'disabled', 'Relational Display': 'disabled', 'Simulation Models': 'disabled', 'Visual Discovery': 'disabled'}",93,Not provided by vendor,inf,one-time,3902.98
Teamscope,,$87.00/month,https://www.teamscope.co/pricing,,,"Cloud,SaaS,Web,Mobile-AndroidNative,Mobile-iOSNative","Documentation,Webinars,LiveOnline","Online,BusinessHours","Clinical Trial Management Features, Electronic Data Capture Features","{'21 CFR Part 11 Compliance': 'able', 'Document Management': 'able', 'Electronic Data Capture': 'able', 'Enrollment Management': 'able', 'HIPAA Compliant': 'able', 'Monitoring': 'able', 'Patient Database': 'able', 'Recruiting Management': 'disabled', 'Scheduling': 'disabled', 'Study Planning': 'able'},{'Audit Trail': 'able', 'CRF Tracking': 'able', 'Data Entry': 'able', 'Data Verification': 'able', 'Distributed Capture': 'able', 'Document Imaging': 'disabled', 'Document Indexing': 'disabled', 'Forms Management': 'able', 'Remote Capture': 'able', 'Study Management': 'able'}",94,month,87.0,month,87.0
The Data Center,,Not provided by vendor,,Yes,,"Installed-Mac,Installed-Windows",Documentation,Online,"Electrical Design Features, Automated Testing Features, Data Analysis Features, Data Center Management Features, Electronic Data Capture Features, Performance Testing Features, Prototyping Features","{},{},{},{'Audit Trail': 'disabled', 'Behavior-Based Acceleration': 'disabled', 'Cross Reference System': 'disabled', 'Device Auto Discovery': 'able', 'Diagnostic Testing': 'disabled', 'Import/Export Data': 'disabled', 'JCL Management': 'disabled', 'Multi-Platform': 'able', 'Multi-User': 'disabled', 'Power Management': 'disabled', 'Sarbanes-Oxley Compliance': 'disabled'},{},{},{'Animation': 'disabled', 'Collaboration': 'able', 'Drag & Drop': 'disabled', 'Software Prototyping': 'able', 'Templates': 'disabled', 'UI Prototyping': 'disabled', 'Usability Testing': 'disabled', 'UX Prototyping': 'disabled', 'Version Control': 'disabled'}",95,Not provided by vendor,inf,year,520.11
Thread Learning,,,,,,,,,Electronic Data Capture Features,{},96,Not provided by vendor,inf,one-time,14173.81
TWin PSG,,,,,,,,,Electronic Data Capture Features,"{'Audit Trail': 'disabled', 'CRF Tracking': 'disabled', 'Data Entry': 'disabled', 'Data Verification': 'able', 'Distributed Capture': 'disabled', 'Document Imaging': 'disabled', 'Document Indexing': 'disabled', 'Forms Management': 'disabled', 'Remote Capture': 'disabled', 'Study Management': 'able'}",97,Not provided by vendor,inf,one-time,5694.27
VISION EDC/CTMS,,Not provided by vendor,,,Yes,"Cloud,SaaS,Web","Documentation,Webinars,LiveOnline,InPerson","Online,BusinessHours,24/7(LiveRep)","Document Management Features, Clinical Trial Management Features, CMMS Features, Electronic Data Capture Features","{'Collaboration Tools': 'able', 'Compliance Tracking': 'able', 'Document Archiving': 'able', 'Document Assembly': 'able', 'Document Indexing': 'disabled', 'Document Retention': 'able', 'Electronic Signature': 'able', 'File Recovery': 'able', 'File Type Conversion': 'disabled', 'Offline Access': 'able', 'Optical Character Recognition': 'disabled', 'Version Control': 'able'},{'21 CFR Part 11 Compliance': 'able', 'Document Management': 'able', 'Electronic Data Capture': 'able', 'Enrollment Management': 'able', 'HIPAA Compliant': 'able', 'Monitoring': 'able', 'Patient Database': 'able', 'Recruiting Management': 'able', 'Scheduling': 'able', 'Study Planning': 'able'},{'Asset Tracking': 'able', 'Calibration Management': 'disabled', 'Inventory Control': 'able', 'Key & Lock Management': 'disabled', 'Mobile Access': 'able', 'Preventive Maintenance': 'disabled', 'Purchasing': 'disabled', 'Scheduling': 'disabled', 'Service History Tracking': 'disabled', 'Technician Management': 'disabled', 'Work Order Management': 'disabled'},{'Audit Trail': 'able', 'CRF Tracking': 'able', 'Data Entry': 'able', 'Data Verification': 'able', 'Distributed Capture': 'able', 'Document Imaging': 'able', 'Document Indexing': 'able', 'Forms Management': 'able', 'Remote Capture': 'able', 'Study Management': 'able'}",98,Not provided by vendor,inf,one-time/user,854.11
